{
  "_fv": 6,
  "_type": "tool",
  "definition": {
    "renderType": 0,
    "texture": "ardanium_sword_texture",
    "customModelName": "Normal",
    "name": "Ardanium Sword",
    "creativeTab": {
      "value": "COMBAT"
    },
    "toolType": "Sword",
    "harvestLevel": 0,
    "efficiency": 0.0,
    "attackSpeed": 1.6,
    "enchantability": 2,
    "damageVsEntity": 6.0,
    "usageCount": 400,
    "blocksAffected": [],
    "hasGlow": false,
    "repairItems": [
      {
        "value": "CUSTOM:ArdaniumIngot"
      }
    ]
  }
}