{
  "_fv": 6,
  "_type": "tool",
  "definition": {
    "renderType": 0,
    "texture": "ardanium_pickaxe_texture",
    "customModelName": "Normal",
    "name": "Ardanium Pickaxe",
    "creativeTab": {
      "value": "TOOLS"
    },
    "toolType": "Pickaxe",
    "harvestLevel": 2,
    "efficiency": 7.0,
    "attackSpeed": 1.2,
    "enchantability": 16,
    "damageVsEntity": 4.0,
    "usageCount": 400,
    "blocksAffected": [],
    "hasGlow": false,
    "repairItems": [
      {
        "value": "CUSTOM:ArdaniumIngot"
      }
    ]
  }
}