{
  "_fv": 18,
  "_type": "mob",
  "definition": {
    "mobName": "Ardanium Cow",
    "mobLabel": "",
    "mobModelName": "Cow",
    "mobModelTexture": "ardanium_cow_texture.png",
    "mobModelGlowTexture": "",
    "modelWidth": 0.9,
    "modelHeight": 1.4,
    "modelShadowSize": 0.5,
    "mountedYOffset": 0.0,
    "hasSpawnEgg": true,
    "spawnEggBaseColor": {
      "value": -10092442,
      "falpha": 0.0
    },
    "spawnEggDotColor": {
      "value": -65281,
      "falpha": 0.0
    },
    "creativeTab": {
      "value": "MISC"
    },
    "isBoss": false,
    "bossBarColor": "PINK",
    "bossBarType": "PROGRESS",
    "equipmentMainHand": {
      "value": ""
    },
    "equipmentOffHand": {
      "value": ""
    },
    "equipmentHelmet": {
      "value": ""
    },
    "equipmentBody": {
      "value": ""
    },
    "equipmentLeggings": {
      "value": ""
    },
    "equipmentBoots": {
      "value": ""
    },
    "mobBehaviourType": "Creature",
    "mobCreatureType": "UNDEFINED",
    "attackStrength": 3,
    "attackKnockback": 0.0,
    "knockbackResistance": 0.6,
    "movementSpeed": 0.4,
    "armorBaseValue": 0.6,
    "trackingRange": 12,
    "health": 12,
    "xpAmount": 3,
    "waterMob": false,
    "flyingMob": false,
    "guiBoundTo": "<NONE>",
    "inventorySize": 9,
    "inventoryStackSize": 64,
    "disableCollisions": false,
    "ridable": false,
    "canControlForward": false,
    "canControlStrafe": false,
    "immuneToFire": false,
    "immuneToArrows": false,
    "immuneToFallDamage": true,
    "immuneToCactus": false,
    "immuneToDrowning": false,
    "immuneToLightning": true,
    "immuneToPotions": false,
    "immuneToPlayer": false,
    "immuneToExplosion": false,
    "immuneToTrident": false,
    "immuneToAnvil": true,
    "immuneToWither": false,
    "immuneToDragonBreath": false,
    "mobDrop": {
      "value": "CUSTOM:ArdaniumDust"
    },
    "livingSound": {
      "value": "entity.cow.ambient"
    },
    "hurtSound": {
      "value": "entity.cow.hurt"
    },
    "deathSound": {
      "value": "entity.cow.death"
    },
    "stepSound": {
      "value": "block.end_portal_frame.fill"
    },
    "spawnParticles": false,
    "particleToSpawn": {
      "value": "EXPLOSION_NORMAL"
    },
    "particleSpawningShape": "Spread",
    "particleSpawningRadious": 0.5,
    "particleAmount": 4,
    "hasAI": true,
    "aiBase": "(none)",
    "aixml": "<xml xmlns=\"https://developers.google.com/blockly/xml\"><block type=\"aitasks_container\" deletable=\"false\" x=\"142\" y=\"104\"><next><block type=\"wander\"><field name=\"speed\">1</field><field name=\"condition\">null,null</field><next><block type=\"look_around\"><field name=\"condition\">null,null</field><next><block type=\"panic_when_attacked\"><field name=\"speed\">1.2</field><field name=\"condition\">null,null</field><next><block type=\"swim_in_water\"><field name=\"condition\">null,null</field></block></next></block></next></block></next></block></next></block></xml>",
    "breedable": true,
    "tameable": false,
    "breedTriggerItems": [
      {
        "value": "CUSTOM:ArdaniumIngot"
      }
    ],
    "ranged": false,
    "rangedAttackItem": {
      "value": ""
    },
    "rangedItemType": "Default item",
    "spawnThisMob": true,
    "doesDespawnWhenIdle": true,
    "spawningProbability": 15,
    "mobSpawningType": "creature",
    "minNumberOfMobsPerGroup": 2,
    "maxNumberOfMobsPerGroup": 5,
    "restrictionBiomes": [
      {
        "value": "CUSTOM:ArdaniumBiome"
      }
    ],
    "spawnInDungeons": false
  }
}