{
  "_fv": 18,
  "_type": "gui",
  "definition": {
    "type": 1,
    "width": 176,
    "height": 166,
    "inventoryOffsetX": 0,
    "inventoryOffsetY": 0,
    "renderBgLayer": true,
    "doesPauseGame": false,
    "components": [
      {
        "type": "label",
        "data": {
          "text": "Crusher",
          "color": {
            "value": -12829636,
            "falpha": 0.0
          },
          "name": "Crusher",
          "x": 132,
          "y": 44
        }
      },
      {
        "type": "inputslot",
        "data": {
          "inputLimit": {
            "value": ""
          },
          "id": 0,
          "disableStackInteraction": false,
          "dropItemsWhenNotBound": true,
          "name": "Slot #0",
          "x": 159,
          "y": 80
        }
      },
      {
        "type": "outputslot",
        "data": {
          "id": 1,
          "disableStackInteraction": false,
          "dropItemsWhenNotBound": true,
          "name": "Slot #1",
          "x": 249,
          "y": 80
        }
      },
      {
        "type": "button",
        "data": {
          "text": "Crush!",
          "onClick": {
            "name": "CrusherCrush"
          },
          "width": 55,
          "height": 20,
          "name": "Crush!",
          "x": 186,
          "y": 80
        }
      }
    ]
  }
}