{
  "_fv": 13,
  "_type": "tool",
  "definition": {
    "renderType": 0,
    "texture": "ardanium_axe_texture",
    "customModelName": "Normal",
    "name": "Ardanium Axe",
    "specialInfo": [],
    "creativeTab": {
      "value": "TOOLS"
    },
    "toolType": "Axe",
    "harvestLevel": 2,
    "efficiency": 7.0,
    "attackSpeed": 1.0,
    "enchantability": 16,
    "damageVsEntity": 9.0,
    "usageCount": 400,
    "blocksAffected": [],
    "hasGlow": false,
    "repairItems": [
      {
        "value": "CUSTOM:ArdaniumIngot"
      }
    ],
    "stayInGridWhenCrafting": false,
    "damageOnCrafting": false
  }
}